,4. close
2015-02-17,127.83
2015-02-18,128.715
2015-02-19,128.45
2015-02-20,129.495
2015-02-23,133.0
2015-02-24,132.17
2015-02-25,128.79
2015-02-26,130.415
2015-02-27,128.46
2015-03-02,129.09
2015-03-03,129.36
2015-03-04,128.54
2015-03-05,126.41
2015-03-06,126.6
2015-03-09,127.14
2015-03-10,124.51
2015-03-11,122.24
2015-03-12,124.45
2015-03-13,123.59
2015-03-16,124.95
2015-03-17,127.04
2015-03-18,128.47
2015-03-19,127.495
2015-03-20,125.9
2015-03-23,127.21
2015-03-24,126.69
2015-03-25,123.38
2015-03-26,124.24
2015-03-27,123.25
2015-03-30,126.37
2015-03-31,124.43
2015-04-01,124.25
2015-04-02,125.32
2015-04-06,127.35
2015-04-07,126.01
2015-04-08,125.6
2015-04-09,126.56
2015-04-10,127.1
2015-04-13,126.85
2015-04-14,126.3
2015-04-15,126.78
2015-04-16,126.17
2015-04-17,124.75
2015-04-20,127.6
2015-04-21,126.91
2015-04-22,128.62
2015-04-23,129.67
2015-04-24,130.28
2015-04-27,132.65
2015-04-28,130.56
2015-04-29,128.64
2015-04-30,125.15
2015-05-01,128.95
2015-05-04,128.7
2015-05-05,125.8
2015-05-06,125.01
2015-05-07,125.26
2015-05-08,127.62
2015-05-11,126.32
2015-05-12,125.865
2015-05-13,126.01
2015-05-14,128.95
2015-05-15,128.77
2015-05-18,130.19
2015-05-19,130.07
2015-05-20,130.06
2015-05-21,131.39
2015-05-22,132.54
2015-05-26,129.62
2015-05-27,132.045
2015-05-28,131.78
2015-05-29,130.28
2015-06-01,130.535
2015-06-02,129.96
2015-06-03,130.12
2015-06-04,129.36
2015-06-05,128.65
2015-06-08,127.8
2015-06-09,127.42
2015-06-10,128.88
2015-06-11,128.59
2015-06-12,127.17
2015-06-15,126.92
2015-06-16,127.6
2015-06-17,127.3
2015-06-18,127.88
2015-06-19,126.6
2015-06-22,127.61
2015-06-23,127.03
2015-06-24,128.11
2015-06-25,127.5
2015-06-26,126.75
2015-06-29,124.53
2015-06-30,125.425
2015-07-01,126.6
2015-07-02,126.44
2015-07-06,126.0
2015-07-07,125.69
2015-07-08,122.57
2015-07-09,120.07
2015-07-10,123.28
2015-07-13,125.66
2015-07-14,125.61
2015-07-15,126.82
2015-07-16,128.51
2015-07-17,129.62
2015-07-20,132.07
2015-07-21,130.75
2015-07-22,125.22
2015-07-23,125.16
2015-07-24,124.5
2015-07-27,122.77
2015-07-28,123.38
2015-07-29,122.99
2015-07-30,122.37
2015-07-31,121.3
2015-08-03,118.44
2015-08-04,114.64
2015-08-05,115.4
2015-08-06,115.13
2015-08-07,115.52
2015-08-10,119.72
2015-08-11,113.49
2015-08-12,115.24
2015-08-13,115.15
2015-08-14,115.96
2015-08-17,117.16
2015-08-18,116.5
2015-08-19,115.01
2015-08-20,112.65
2015-08-21,105.76
2015-08-24,103.12
2015-08-25,103.74
2015-08-26,109.69
2015-08-27,112.92
2015-08-28,113.29
2015-08-31,112.76
2015-09-01,107.72
2015-09-02,112.34
2015-09-03,110.37
2015-09-04,109.27
2015-09-08,112.31
2015-09-09,110.15
2015-09-10,112.57
2015-09-11,114.21
2015-09-14,115.31
2015-09-15,116.28
2015-09-16,116.41
2015-09-17,113.92
2015-09-18,113.45
2015-09-21,115.21
2015-09-22,113.4
2015-09-23,114.32
2015-09-24,115.0
2015-09-25,114.71
2015-09-28,112.44
2015-09-29,109.06
2015-09-30,109.95
2015-10-01,109.58
2015-10-02,110.38
2015-10-05,110.78
2015-10-06,111.31
2015-10-07,110.78
2015-10-08,109.5
2015-10-09,112.12
2015-10-12,111.6
2015-10-13,111.79
2015-10-14,110.21
2015-10-15,111.86
2015-10-16,111.04
2015-10-19,111.73
2015-10-20,113.77
2015-10-21,113.76
2015-10-22,115.5
2015-10-23,119.08
2015-10-26,115.28
2015-10-27,114.55
2015-10-28,119.27
2015-10-29,120.53
2015-10-30,119.5
2015-11-02,121.18
2015-11-03,122.57
2015-11-04,122.0
2015-11-05,120.92
2015-11-06,121.06
2015-11-09,120.57
2015-11-10,116.77
2015-11-11,116.11
2015-11-12,115.72
2015-11-13,112.34
2015-11-16,114.175
2015-11-17,113.69
2015-11-18,117.29
2015-11-19,118.78
2015-11-20,119.3
2015-11-23,117.75
2015-11-24,118.88
2015-11-25,118.03
2015-11-27,117.81
2015-11-30,118.3
2015-12-01,117.34
2015-12-02,116.28
2015-12-03,115.2
2015-12-04,119.03
2015-12-07,118.28
2015-12-08,118.23
2015-12-09,115.62
2015-12-10,116.17
2015-12-11,113.18
2015-12-14,112.48
2015-12-15,110.49
2015-12-16,111.34
2015-12-17,108.98
2015-12-18,106.03
2015-12-21,107.33
2015-12-22,107.23
2015-12-23,108.61
2015-12-24,108.03
2015-12-28,106.82
2015-12-29,108.74
2015-12-30,107.32
2015-12-31,105.26
2016-01-04,105.35
2016-01-05,102.71
2016-01-06,100.7
2016-01-07,96.45
2016-01-08,96.96
2016-01-11,98.53
2016-01-12,99.96
2016-01-13,97.39
2016-01-14,99.52
2016-01-15,97.13
2016-01-19,96.66
2016-01-20,96.79
2016-01-21,96.3
2016-01-22,101.42
2016-01-25,99.44
2016-01-26,99.99
2016-01-27,93.42
2016-01-28,94.09
2016-01-29,97.34
2016-02-01,96.43
2016-02-02,94.48
2016-02-03,96.35
2016-02-04,96.6
2016-02-05,94.02
2016-02-08,95.01
2016-02-09,94.99
2016-02-10,94.27
2016-02-11,93.7
2016-02-12,93.99
2016-02-16,96.64
2016-02-17,98.12
2016-02-18,96.26
2016-02-19,96.04
2016-02-22,96.88
2016-02-23,94.69
2016-02-24,96.1
2016-02-25,96.76
2016-02-26,96.91
2016-02-29,96.69
2016-03-01,100.53
2016-03-02,100.75
2016-03-03,101.5
2016-03-04,103.01
2016-03-07,101.87
2016-03-08,101.03
2016-03-09,101.12
2016-03-10,101.17
2016-03-11,102.26
2016-03-14,102.52
2016-03-15,104.58
2016-03-16,105.97
2016-03-17,105.8
2016-03-18,105.92
2016-03-21,105.91
2016-03-22,106.72
2016-03-23,106.13
2016-03-24,105.67
2016-03-28,105.19
2016-03-29,107.68
2016-03-30,109.56
2016-03-31,108.99
2016-04-01,109.99
2016-04-04,111.12
2016-04-05,109.81
2016-04-06,110.96
2016-04-07,108.54
2016-04-08,108.66
2016-04-11,109.02
2016-04-12,110.44
2016-04-13,112.04
2016-04-14,112.1
2016-04-15,109.85
2016-04-18,107.48
2016-04-19,106.91
2016-04-20,107.13
2016-04-21,105.97
2016-04-22,105.68
2016-04-25,105.08
2016-04-26,104.35
2016-04-27,97.82
2016-04-28,94.83
2016-04-29,93.74
2016-05-02,93.64
2016-05-03,95.18
2016-05-04,94.19
2016-05-05,93.24
2016-05-06,92.72
2016-05-09,92.79
2016-05-10,93.42
2016-05-11,92.51
2016-05-12,90.34
2016-05-13,90.52
2016-05-16,93.88
2016-05-17,93.49
2016-05-18,94.56
2016-05-19,94.2
2016-05-20,95.22
2016-05-23,96.43
2016-05-24,97.9
2016-05-25,99.62
2016-05-26,100.41
2016-05-27,100.35
2016-05-31,99.86
2016-06-01,98.46
2016-06-02,97.72
2016-06-03,97.92
2016-06-06,98.63
2016-06-07,99.03
2016-06-08,98.94
2016-06-09,99.65
2016-06-10,98.83
2016-06-13,97.34
2016-06-14,97.46
2016-06-15,97.14
2016-06-16,97.55
2016-06-17,95.33
2016-06-20,95.1
2016-06-21,95.91
2016-06-22,95.55
2016-06-23,96.1
2016-06-24,93.4
2016-06-27,92.04
2016-06-28,93.59
2016-06-29,94.4
2016-06-30,95.6
2016-07-01,95.89
2016-07-05,94.99
2016-07-06,95.53
2016-07-07,95.94
2016-07-08,96.68
2016-07-11,96.98
2016-07-12,97.42
2016-07-13,96.87
2016-07-14,98.79
2016-07-15,98.78
2016-07-18,99.83
2016-07-19,99.87
2016-07-20,99.96
2016-07-21,99.43
2016-07-22,98.66
2016-07-25,97.34
2016-07-26,96.67
2016-07-27,102.95
2016-07-28,104.34
2016-07-29,104.21
2016-08-01,106.05
2016-08-02,104.48
2016-08-03,105.79
2016-08-04,105.87
2016-08-05,107.48
2016-08-08,108.37
2016-08-09,108.81
2016-08-10,108.0
2016-08-11,107.93
2016-08-12,108.18
2016-08-15,109.48
2016-08-16,109.38
2016-08-17,109.22
2016-08-18,109.08
2016-08-19,109.36
2016-08-22,108.51
2016-08-23,108.85
2016-08-24,108.03
2016-08-25,107.57
2016-08-26,106.94
2016-08-29,106.82
2016-08-30,106.0
2016-08-31,106.1
2016-09-01,106.73
2016-09-02,107.73
2016-09-06,107.7
2016-09-07,108.36
2016-09-08,105.52
2016-09-09,103.13
2016-09-12,105.44
2016-09-13,107.95
2016-09-14,111.77
2016-09-15,115.57
2016-09-16,114.92
2016-09-19,113.58
2016-09-20,113.57
2016-09-21,113.55
2016-09-22,114.62
2016-09-23,112.71
2016-09-26,112.88
2016-09-27,113.09
2016-09-28,113.95
2016-09-29,112.18
2016-09-30,113.05
2016-10-03,112.52
2016-10-04,113.0
2016-10-05,113.05
2016-10-06,113.89
2016-10-07,114.06
2016-10-10,116.05
2016-10-11,116.3
2016-10-12,117.34
2016-10-13,116.98
2016-10-14,117.63
2016-10-17,117.55
2016-10-18,117.47
2016-10-19,117.12
2016-10-20,117.06
2016-10-21,116.6
2016-10-24,117.65
2016-10-25,118.25
2016-10-26,115.59
2016-10-27,114.48
2016-10-28,113.72
2016-10-31,113.54
2016-11-01,111.49
2016-11-02,111.59
2016-11-03,109.83
2016-11-04,108.84
2016-11-07,110.41
2016-11-08,111.06
2016-11-09,110.88
2016-11-10,107.79
2016-11-11,108.43
2016-11-14,105.71
2016-11-15,107.11
2016-11-16,109.99
2016-11-17,109.95
2016-11-18,110.06
2016-11-21,111.73
2016-11-22,111.8
2016-11-23,111.23
2016-11-25,111.79
2016-11-28,111.57
2016-11-29,111.46
2016-11-30,110.52
2016-12-01,109.49
2016-12-02,109.9
2016-12-05,109.11
2016-12-06,109.95
2016-12-07,111.03
2016-12-08,112.12
2016-12-09,113.95
2016-12-12,113.3
2016-12-13,115.19
2016-12-14,115.19
2016-12-15,115.82
2016-12-16,115.97
2016-12-19,116.64
2016-12-20,116.95
2016-12-21,117.06
2016-12-22,116.29
2016-12-23,116.52
2016-12-27,117.26
2016-12-28,116.76
2016-12-29,116.73
2016-12-30,115.82
2017-01-03,116.15
2017-01-04,116.02
2017-01-05,116.61
2017-01-06,117.91
2017-01-09,118.99
2017-01-10,119.11
2017-01-11,119.75
2017-01-12,119.25
2017-01-13,119.04
2017-01-17,120.0
2017-01-18,119.99
2017-01-19,119.78
2017-01-20,120.0
2017-01-23,120.08
2017-01-24,119.97
2017-01-25,121.88
2017-01-26,121.94
2017-01-27,121.95
2017-01-30,121.63
2017-01-31,121.35
2017-02-01,128.75
2017-02-02,128.53
2017-02-03,129.08
2017-02-06,130.29
2017-02-07,131.53
2017-02-08,132.04
2017-02-09,132.42
2017-02-10,132.12
2017-02-13,133.29
2017-02-14,135.02
2017-02-15,135.51
2017-02-16,135.345
2017-02-17,135.72
2017-02-21,136.7
2017-02-22,137.11
2017-02-23,136.53
2017-02-24,136.66
2017-02-27,136.93
2017-02-28,136.99
2017-03-01,139.79
2017-03-02,138.96
2017-03-03,139.78
2017-03-06,139.34
2017-03-07,139.52
2017-03-08,139.0
2017-03-09,138.68
2017-03-10,139.14
2017-03-13,139.2
2017-03-14,138.99
2017-03-15,140.46
2017-03-16,140.69
2017-03-17,139.99
2017-03-20,141.46
2017-03-21,139.84
2017-03-22,141.42
2017-03-23,140.92
2017-03-24,140.64
2017-03-27,140.88
2017-03-28,143.8
2017-03-29,144.12
2017-03-30,143.93
2017-03-31,143.66
2017-04-03,143.7
2017-04-04,144.77
2017-04-05,144.02
2017-04-06,143.66
2017-04-07,143.34
2017-04-10,143.17
2017-04-11,141.63
2017-04-12,141.8
2017-04-13,141.05
2017-04-17,141.83
2017-04-18,141.2
2017-04-19,140.68
2017-04-20,142.44
2017-04-21,142.27
2017-04-24,143.64
2017-04-25,144.53
2017-04-26,143.68
2017-04-27,143.79
2017-04-28,143.65
2017-05-01,146.58
2017-05-02,147.51
2017-05-03,147.06
2017-05-04,146.53
2017-05-05,148.96
2017-05-08,153.01
2017-05-09,153.99
2017-05-10,153.26
2017-05-11,153.95
2017-05-12,156.1
2017-05-15,155.7
2017-05-16,155.47
2017-05-17,150.25
2017-05-18,152.54
2017-05-19,153.06
2017-05-22,153.99
2017-05-23,153.8
2017-05-24,153.34
2017-05-25,153.87
2017-05-26,153.61
2017-05-30,153.67
2017-05-31,152.76
2017-06-01,153.18
2017-06-02,155.45
2017-06-05,153.93
2017-06-06,154.45
2017-06-07,155.37
2017-06-08,154.99
2017-06-09,148.98
2017-06-12,145.42
2017-06-13,146.59
2017-06-14,145.16
2017-06-15,144.29
2017-06-16,142.27
2017-06-19,146.34
2017-06-20,145.01
2017-06-21,145.87
2017-06-22,145.63
2017-06-23,146.28
2017-06-26,145.82
2017-06-27,143.73
2017-06-28,145.83
2017-06-29,143.68
2017-06-30,144.02
2017-07-03,143.5
2017-07-05,144.09
2017-07-06,142.73
2017-07-07,144.18
2017-07-10,145.06
2017-07-11,145.53
2017-07-12,145.74
2017-07-13,147.77
2017-07-14,149.04
2017-07-17,149.56
2017-07-18,150.08
2017-07-19,151.02
2017-07-20,150.34
2017-07-21,150.27
2017-07-24,152.09
2017-07-25,152.74
2017-07-26,153.46
2017-07-27,150.56
2017-07-28,149.5
2017-07-31,148.73
2017-08-01,150.05
2017-08-02,157.14
2017-08-03,155.57
2017-08-04,156.39
2017-08-07,158.81
2017-08-08,160.08
2017-08-09,161.06
2017-08-10,155.32
2017-08-11,157.48
2017-08-14,159.85
2017-08-15,161.6
2017-08-16,160.95
2017-08-17,157.86
2017-08-18,157.5
2017-08-21,157.21
2017-08-22,159.78
2017-08-23,159.98
2017-08-24,159.27
2017-08-25,159.86
2017-08-28,161.47
2017-08-29,162.91
2017-08-30,163.35
2017-08-31,164.0
2017-09-01,164.05
2017-09-05,162.08
2017-09-06,161.91
2017-09-07,161.26
2017-09-08,158.63
2017-09-11,161.5
2017-09-12,160.86
2017-09-13,159.65
2017-09-14,158.28
2017-09-15,159.88
2017-09-18,158.67
2017-09-19,158.73
2017-09-20,156.07
2017-09-21,153.39
2017-09-22,151.89
2017-09-25,150.55
2017-09-26,153.14
2017-09-27,154.23
2017-09-28,153.28
2017-09-29,154.12
2017-10-02,153.81
2017-10-03,154.48
2017-10-04,153.48
2017-10-05,155.39
2017-10-06,155.3
2017-10-09,155.84
2017-10-10,155.9
2017-10-11,156.55
2017-10-12,156.0
2017-10-13,156.99
2017-10-16,159.88
2017-10-17,160.47
2017-10-18,159.76
2017-10-19,155.98
2017-10-20,156.25
2017-10-23,156.17
2017-10-24,157.1
2017-10-25,156.41
2017-10-26,157.41
2017-10-27,163.05
2017-10-30,166.72
2017-10-31,169.04
2017-11-01,166.89
2017-11-02,168.11
2017-11-03,172.5
2017-11-06,174.25
2017-11-07,174.81
2017-11-08,176.24
2017-11-09,175.88
2017-11-10,174.67
2017-11-13,173.97
2017-11-14,171.34
2017-11-15,169.08
2017-11-16,171.1
2017-11-17,170.15
2017-11-20,169.98
2017-11-21,173.14
2017-11-22,174.96
2017-11-24,174.97
2017-11-27,174.09
2017-11-28,173.07
2017-11-29,169.48
2017-11-30,171.85
2017-12-01,171.05
2017-12-04,169.8
2017-12-05,169.64
2017-12-06,169.01
2017-12-07,169.32
2017-12-08,169.37
2017-12-11,172.67
2017-12-12,171.7
2017-12-13,172.27
2017-12-14,172.22
2017-12-15,173.97
2017-12-18,176.42
2017-12-19,174.54
2017-12-20,174.35
2017-12-21,175.01
2017-12-22,175.01
2017-12-26,170.57
2017-12-27,170.6
2017-12-28,171.08
2017-12-29,169.23
2018-01-02,172.26
2018-01-03,172.23
2018-01-04,173.03
2018-01-05,175.0
2018-01-08,174.35
2018-01-09,174.33
2018-01-10,174.29
2018-01-11,175.28
2018-01-12,177.09
2018-01-16,176.19
2018-01-17,179.1
2018-01-18,179.26
2018-01-19,178.46
2018-01-22,177.0
2018-01-23,177.04
2018-01-24,174.22
2018-01-25,171.11
2018-01-26,171.51
2018-01-29,167.96
2018-01-30,166.97
2018-01-31,167.43
2018-02-01,167.78
2018-02-02,160.5
2018-02-05,156.49
2018-02-06,163.03
2018-02-07,159.54
2018-02-08,155.15
2018-02-09,156.41
2018-02-12,162.71
2018-02-13,164.34
2018-02-14,167.37
2018-02-15,172.99
2018-02-16,172.43
2018-02-20,171.85
2018-02-21,171.07
2018-02-22,172.5
2018-02-23,175.5
2018-02-26,178.97
2018-02-27,178.39
2018-02-28,178.12
2018-03-01,175.0
2018-03-02,176.21
2018-03-05,176.82
2018-03-06,176.67
2018-03-07,175.03
2018-03-08,176.94
2018-03-09,179.98
2018-03-12,181.72
2018-03-13,179.97
2018-03-14,178.44
2018-03-15,178.65
2018-03-16,178.02
2018-03-19,175.3
2018-03-20,175.24
2018-03-21,171.27
2018-03-22,168.85
2018-03-23,164.94
2018-03-26,172.77
2018-03-27,168.34
2018-03-28,166.48
2018-03-29,167.78
2018-04-02,166.68
2018-04-03,168.39
2018-04-04,171.61
2018-04-05,172.8
2018-04-06,168.38
2018-04-09,170.05
2018-04-10,173.25
2018-04-11,172.44
2018-04-12,174.14
2018-04-13,174.73
2018-04-16,175.82
2018-04-17,178.24
2018-04-18,177.84
2018-04-19,172.8
2018-04-20,165.72
2018-04-23,165.24
2018-04-24,162.94
2018-04-25,163.65
2018-04-26,164.22
2018-04-27,162.32
2018-04-30,165.26
2018-05-01,169.1
2018-05-02,176.57
2018-05-03,176.89
2018-05-04,183.83
2018-05-07,185.16
2018-05-08,186.05
2018-05-09,187.36
2018-05-10,190.04
2018-05-11,188.59
2018-05-14,188.15
2018-05-15,186.44
2018-05-16,188.18
2018-05-17,186.99
2018-05-18,186.31
2018-05-21,187.63
2018-05-22,187.16
2018-05-23,188.36
2018-05-24,188.15
2018-05-25,188.58
2018-05-29,187.9
2018-05-30,187.5
2018-05-31,186.87
2018-06-01,190.24
2018-06-04,191.83
2018-06-05,193.31
2018-06-06,193.98
2018-06-07,193.46
2018-06-08,191.7
2018-06-11,191.23
2018-06-12,192.28
2018-06-13,190.7
2018-06-14,190.8
2018-06-15,188.84
2018-06-18,188.74
2018-06-19,185.69
2018-06-20,186.5
2018-06-21,185.46
2018-06-22,184.92
2018-06-25,182.17
2018-06-26,184.43
2018-06-27,184.16
2018-06-28,185.5
2018-06-29,185.11
2018-07-02,187.18
2018-07-03,183.92
2018-07-05,185.4
2018-07-06,187.97
2018-07-09,190.58
2018-07-10,190.35
2018-07-11,187.88
2018-07-12,191.03
2018-07-13,191.33
2018-07-16,190.91
2018-07-17,191.45
2018-07-18,190.4
2018-07-19,191.88
2018-07-20,191.44
2018-07-23,191.61
2018-07-24,193.0
2018-07-25,194.82
2018-07-26,194.21
2018-07-27,190.98
2018-07-30,189.91
2018-07-31,190.29
2018-08-01,201.5
2018-08-02,207.39
2018-08-03,207.99
2018-08-06,209.07
2018-08-07,207.11
2018-08-08,207.25
2018-08-09,208.88
2018-08-10,207.53
2018-08-13,208.87
2018-08-14,209.75
2018-08-15,210.24
2018-08-16,213.32
2018-08-17,217.58
2018-08-20,215.46
2018-08-21,215.04
2018-08-22,215.05
2018-08-23,215.49
2018-08-24,216.16
2018-08-27,217.94
2018-08-28,219.7
2018-08-29,222.98
2018-08-30,225.03
2018-08-31,227.63
2018-09-04,228.36
2018-09-05,226.87
2018-09-06,223.1
2018-09-07,221.3
2018-09-10,218.33
2018-09-11,223.85
2018-09-12,221.07
2018-09-13,226.41
2018-09-14,223.84
2018-09-17,217.88
2018-09-18,218.24
2018-09-19,218.37
2018-09-20,220.03
2018-09-21,217.66
2018-09-24,220.79
2018-09-25,222.19
2018-09-26,220.42
2018-09-27,224.95
2018-09-28,225.74
2018-10-01,227.26
2018-10-02,229.28
2018-10-03,232.07
2018-10-04,227.99
2018-10-05,224.29
2018-10-08,223.77
2018-10-09,226.87
2018-10-10,216.36
2018-10-11,214.45
2018-10-12,222.11
2018-10-15,217.36
2018-10-16,222.15
2018-10-17,221.19
2018-10-18,216.02
2018-10-19,219.31
2018-10-22,220.65
2018-10-23,222.73
2018-10-24,215.09
2018-10-25,219.8
2018-10-26,216.3
2018-10-29,212.24
2018-10-30,213.3
2018-10-31,218.86
2018-11-01,222.22
2018-11-02,207.48
2018-11-05,201.59
2018-11-06,203.77
2018-11-07,209.95
2018-11-08,208.49
2018-11-09,204.47
2018-11-12,194.17
2018-11-13,192.23
2018-11-14,186.8
2018-11-15,191.41
2018-11-16,193.53
2018-11-19,185.86
2018-11-20,176.98
2018-11-21,176.78
2018-11-23,172.29
2018-11-26,174.62
2018-11-27,174.24
2018-11-28,180.94
2018-11-29,179.55
2018-11-30,178.58
2018-12-03,184.82
2018-12-04,176.69
2018-12-06,174.72
2018-12-07,168.49
2018-12-10,169.6
2018-12-11,168.63
2018-12-12,169.1
2018-12-13,170.95
2018-12-14,165.48
2018-12-17,163.94
2018-12-18,166.07
2018-12-19,160.89
2018-12-20,156.83
2018-12-21,150.73
2018-12-24,146.83
2018-12-26,157.17
2018-12-27,156.15
2018-12-28,156.23
2018-12-31,157.74
2019-01-02,157.92
2019-01-03,142.19
2019-01-04,148.26
2019-01-07,147.93
2019-01-08,150.75
2019-01-09,153.31
2019-01-10,153.8
2019-01-11,152.29
2019-01-14,150.0
2019-01-15,153.07
2019-01-16,154.94
2019-01-17,155.86
2019-01-18,156.82
2019-01-22,153.3
2019-01-23,153.92
2019-01-24,152.7
2019-01-25,157.76
2019-01-28,156.3
2019-01-29,154.68
2019-01-30,165.25
2019-01-31,166.44
2019-02-01,166.52
2019-02-04,171.25
2019-02-05,174.18
2019-02-06,174.24
2019-02-07,170.94
2019-02-08,170.41
2019-02-11,169.43
2019-02-12,170.89
2019-02-13,170.18
2019-02-14,170.8
2019-02-15,170.42
2019-02-19,170.93
2019-02-20,172.03
2019-02-21,171.06
2019-02-22,172.97
2019-02-25,174.23
2019-02-26,174.33
2019-02-27,174.87
2019-02-28,173.15
2019-03-01,174.97
2019-03-04,175.85
2019-03-05,175.53
2019-03-06,174.52
2019-03-07,172.5
2019-03-08,172.91
2019-03-11,178.9
2019-03-12,180.91
2019-03-13,181.71
2019-03-14,183.73
2019-03-15,186.12
2019-03-18,188.02
2019-03-19,186.53
2019-03-20,188.16
2019-03-21,195.09
2019-03-22,191.05
2019-03-25,188.74
2019-03-26,186.79
2019-03-27,188.47
2019-03-28,188.72
2019-03-29,189.95
2019-04-01,191.24
2019-04-02,194.02
2019-04-03,195.35
2019-04-04,195.69
2019-04-05,197.0
2019-04-08,200.1
2019-04-09,199.5
2019-04-10,200.62
2019-04-11,198.95
2019-04-12,198.87
2019-04-15,199.23
2019-04-16,199.25
2019-04-17,203.13
2019-04-18,203.86
2019-04-22,204.53
2019-04-23,207.48
2019-04-24,207.16
2019-04-25,205.28
2019-04-26,204.3
2019-04-29,204.61
2019-04-30,200.67
2019-05-01,210.52
2019-05-02,209.15
2019-05-03,211.75
2019-05-06,208.48
2019-05-07,202.86
2019-05-08,202.9
2019-05-09,200.72
2019-05-10,197.18
2019-05-13,185.72
2019-05-14,188.66
2019-05-15,190.92
2019-05-16,190.08
2019-05-17,189.0
2019-05-20,183.09
2019-05-21,186.6
2019-05-22,182.78
2019-05-23,179.66
2019-05-24,178.97
2019-05-28,178.23
2019-05-29,177.38
2019-05-30,178.3
2019-05-31,175.07
2019-06-03,173.3
2019-06-04,179.64
2019-06-05,182.54
2019-06-06,185.22
2019-06-07,190.15
2019-06-10,192.58
2019-06-11,194.81
2019-06-12,194.19
2019-06-13,194.15
2019-06-14,192.74
2019-06-17,193.89
2019-06-18,198.45
2019-06-19,197.87
2019-06-20,199.46
2019-06-21,198.78
2019-06-24,198.58
2019-06-25,195.57
2019-06-26,199.8
2019-06-27,199.74
2019-06-28,197.92
2019-07-01,201.55
2019-07-02,202.73
2019-07-03,204.41
2019-07-05,204.23
2019-07-08,200.02
2019-07-09,201.24
2019-07-10,203.23
2019-07-11,201.75
2019-07-12,203.3
2019-07-15,205.21
2019-07-16,204.5
2019-07-17,203.35
2019-07-18,205.66
2019-07-19,202.59
2019-07-22,207.22
2019-07-23,208.84
2019-07-24,208.67
2019-07-25,207.02
2019-07-26,207.74
2019-07-29,209.68
2019-07-30,208.78
2019-07-31,213.04
2019-08-01,208.43
2019-08-02,204.02
2019-08-05,193.34
2019-08-06,197.0
2019-08-07,199.04
2019-08-08,203.43
2019-08-09,200.99
2019-08-12,200.48
2019-08-13,208.97
2019-08-14,202.75
2019-08-15,201.74
2019-08-16,206.5
2019-08-19,210.35
2019-08-20,210.36
2019-08-21,212.64
2019-08-22,212.46
2019-08-23,202.64
2019-08-26,206.49
2019-08-27,204.16
2019-08-28,205.53
2019-08-29,209.01
2019-08-30,208.74
2019-09-03,205.7
2019-09-04,209.19
2019-09-05,213.28
2019-09-06,213.26
2019-09-09,214.17
2019-09-10,216.7
2019-09-11,223.59
2019-09-12,223.09
2019-09-13,218.75
2019-09-16,219.9
2019-09-17,220.7
2019-09-18,222.77
2019-09-19,220.96
2019-09-20,217.73
2019-09-23,218.72
2019-09-24,217.68
2019-09-25,221.03
2019-09-26,219.89
2019-09-27,218.82
2019-09-30,223.97
2019-10-01,224.59
2019-10-02,218.96
2019-10-03,220.82
2019-10-04,227.01
2019-10-07,227.06
2019-10-08,224.4
2019-10-09,227.03
2019-10-10,230.09
2019-10-11,236.21
2019-10-14,235.87
2019-10-15,235.32
2019-10-16,234.37
2019-10-17,235.28
2019-10-18,236.41
2019-10-21,240.51
2019-10-22,239.96
2019-10-23,243.18
2019-10-24,243.58
2019-10-25,246.58
2019-10-28,249.05
2019-10-29,243.29
2019-10-30,243.26
2019-10-31,248.76
2019-11-01,255.82
2019-11-04,257.5
2019-11-05,257.13
2019-11-06,257.24
2019-11-07,259.43
2019-11-08,260.14
2019-11-11,262.2
2019-11-12,261.96
2019-11-13,264.47
2019-11-14,262.64
2019-11-15,265.76
2019-11-18,267.1
2019-11-19,266.29
2019-11-20,263.19
2019-11-21,262.01
2019-11-22,261.78
2019-11-25,266.37
2019-11-26,264.29
2019-11-27,267.84
2019-11-29,267.25
2019-12-02,264.16
2019-12-03,259.45
2019-12-04,261.74
2019-12-05,265.58
2019-12-06,270.71
2019-12-09,266.92
2019-12-10,268.48
2019-12-11,270.77
2019-12-12,271.46
2019-12-13,275.15
2019-12-16,279.86
2019-12-17,280.41
2019-12-18,279.74
2019-12-19,280.02
2019-12-20,279.44
2019-12-23,284.0
2019-12-24,284.27
2019-12-26,289.91
2019-12-27,289.8
2019-12-30,291.52
2019-12-31,293.65
2020-01-02,300.35
2020-01-03,297.43
2020-01-06,299.8
2020-01-07,298.39
2020-01-08,303.19
2020-01-09,309.63
2020-01-10,310.33
2020-01-13,316.96
2020-01-14,312.68
2020-01-15,311.34
2020-01-16,315.24
2020-01-17,318.73
2020-01-21,316.57
2020-01-22,317.7
2020-01-23,319.23
2020-01-24,318.31
2020-01-27,308.95
2020-01-28,317.69
2020-01-29,324.34
2020-01-30,323.87
2020-01-31,309.51
2020-02-03,308.66
2020-02-04,318.85
2020-02-05,321.45
2020-02-06,325.21
2020-02-07,320.03
2020-02-10,321.55
2020-02-11,319.61
2020-02-12,327.2
2020-02-13,324.87
2020-02-14,324.95
2020-02-18,319.0
2020-02-19,323.62
2020-02-20,320.3
2020-02-21,313.05
2020-02-24,298.18
2020-02-25,288.08
2020-02-26,292.65
2020-02-27,273.52
2020-02-28,273.36
2020-03-02,298.81
2020-03-03,289.32
2020-03-04,302.74
2020-03-05,292.92
2020-03-06,289.03
2020-03-09,266.17
2020-03-10,285.34
2020-03-11,275.43
2020-03-12,248.23
2020-03-13,277.97
2020-03-16,242.21
2020-03-17,252.86
2020-03-18,246.67
2020-03-19,244.78
2020-03-20,229.24
2020-03-23,224.37
2020-03-24,246.88
2020-03-25,245.52
2020-03-26,258.44
2020-03-27,247.74
2020-03-30,254.81
2020-03-31,254.29
2020-04-01,240.91
2020-04-02,244.93
2020-04-03,241.41
2020-04-06,262.47
2020-04-07,259.43
2020-04-08,266.07
2020-04-09,267.99
2020-04-13,273.25
2020-04-14,287.05
2020-04-15,284.43
2020-04-16,286.69
2020-04-17,282.8
2020-04-20,276.93
2020-04-21,268.37
2020-04-22,276.1
2020-04-23,275.03
2020-04-24,282.97
2020-04-27,283.17
2020-04-28,278.58
2020-04-29,287.73
2020-04-30,293.8
2020-05-01,289.07
2020-05-04,293.16
2020-05-05,297.56
2020-05-06,300.63
2020-05-07,303.74
2020-05-08,310.13
2020-05-11,315.01
2020-05-12,311.41
2020-05-13,307.65
2020-05-14,309.54
2020-05-15,307.71
2020-05-18,314.96
2020-05-19,313.14
2020-05-20,319.23
2020-05-21,316.85
2020-05-22,318.89
2020-05-26,316.73
2020-05-27,318.11
2020-05-28,318.25
2020-05-29,317.94
2020-06-01,321.85
2020-06-02,323.34
2020-06-03,325.12
2020-06-04,322.32
2020-06-05,331.5
2020-06-08,333.46
2020-06-09,343.99
2020-06-10,352.84
2020-06-11,335.9
2020-06-12,338.8
2020-06-15,342.99
2020-06-16,352.08
2020-06-17,351.59
2020-06-18,351.73
2020-06-19,349.72
2020-06-22,358.87
2020-06-23,366.53
2020-06-24,360.06
2020-06-25,364.84
2020-06-26,353.63
2020-06-29,361.78
2020-06-30,364.8
2020-07-01,364.11
2020-07-02,364.11
2020-07-06,373.85
2020-07-07,372.69
2020-07-08,381.37
2020-07-09,383.01
2020-07-10,383.68
2020-07-13,381.91
2020-07-14,388.23
2020-07-15,390.9
2020-07-16,386.09
2020-07-17,385.31
2020-07-20,393.43
2020-07-21,388.0
2020-07-22,389.09
2020-07-23,371.38
2020-07-24,370.46
2020-07-27,379.24
2020-07-28,373.01
2020-07-29,380.16
2020-07-30,384.76
2020-07-31,425.04
2020-08-03,435.75
2020-08-04,438.66
2020-08-05,440.25
2020-08-06,455.61
2020-08-07,444.45
2020-08-10,450.91
2020-08-11,437.5
2020-08-12,452.04
2020-08-13,460.04
2020-08-14,459.63
2020-08-17,458.43
2020-08-18,462.25
2020-08-19,462.83
2020-08-20,473.1
2020-08-21,497.48
2020-08-24,503.43
2020-08-25,499.3
2020-08-26,506.09
2020-08-27,500.04
2020-08-28,499.23
2020-08-31,129.04
2020-09-01,134.18
2020-09-02,131.4
2020-09-03,120.88
2020-09-04,120.96
2020-09-08,112.82
2020-09-09,117.32
2020-09-10,113.49
2020-09-11,112.0
2020-09-14,115.355
2020-09-15,115.54
2020-09-16,112.13
2020-09-17,110.34
2020-09-18,106.84
2020-09-21,110.08
2020-09-22,111.81
2020-09-23,107.12
2020-09-24,108.22
2020-09-25,112.28
2020-09-28,114.96
2020-09-29,114.09
2020-09-30,115.81
2020-10-01,116.79
2020-10-02,113.02
2020-10-05,116.5
2020-10-06,113.16
2020-10-07,115.08
2020-10-08,114.97
2020-10-09,116.97
2020-10-12,124.4
2020-10-13,121.1
2020-10-14,121.19
2020-10-15,120.71
2020-10-16,119.02
2020-10-19,115.98
2020-10-20,117.51
2020-10-21,116.87
2020-10-22,115.75
2020-10-23,115.04
2020-10-26,115.05
2020-10-27,116.6
2020-10-28,111.2
2020-10-29,115.32
2020-10-30,108.86
2020-11-02,108.77
2020-11-03,110.44
2020-11-04,114.95
2020-11-05,119.03
2020-11-06,118.69
2020-11-09,116.32
2020-11-10,115.97
2020-11-11,119.49
2020-11-12,119.21
2020-11-13,119.26
2020-11-16,120.3
2020-11-17,119.39
2020-11-18,118.03
2020-11-19,118.64
2020-11-20,117.34
2020-11-23,113.85
2020-11-24,115.17
2020-11-25,116.03
2020-11-27,116.59
2020-11-30,119.05
2020-12-01,122.72
2020-12-02,123.08
2020-12-03,122.94
2020-12-04,122.25
2020-12-07,123.75
2020-12-08,124.38
2020-12-09,121.78
2020-12-10,123.24
2020-12-11,122.41
2020-12-14,121.78
2020-12-15,127.88
2020-12-16,127.81
2020-12-17,128.7
2020-12-18,126.655
2020-12-21,128.23
2020-12-22,131.88
2020-12-23,130.96
2020-12-24,131.97
2020-12-28,136.69
2020-12-29,134.87
2020-12-30,133.72
2020-12-31,132.69
2021-01-04,129.41
2021-01-05,131.01
2021-01-06,126.6
2021-01-07,130.92
2021-01-08,132.05
2021-01-11,128.98
2021-01-12,128.8
2021-01-13,130.89
2021-01-14,128.91
2021-01-15,127.14
2021-01-19,127.83
2021-01-20,132.03
2021-01-21,136.87
2021-01-22,139.07
2021-01-25,142.92
2021-01-26,143.16
2021-01-27,142.06
2021-01-28,137.09
2021-01-29,131.96
2021-02-01,134.14
2021-02-02,134.99
2021-02-03,133.94
2021-02-04,137.39
2021-02-05,136.76
2021-02-08,136.91
2021-02-09,136.01
2021-02-10,135.39
2021-02-11,135.13
2021-02-12,135.37
2021-02-16,133.19
2021-02-17,130.84
2021-02-18,129.71
2021-02-19,129.87
2021-02-22,126.0
2021-02-23,125.86
2021-02-24,125.35
2021-02-25,120.99
2021-02-26,121.26
2021-03-01,127.79
2021-03-02,125.12
2021-03-03,122.06
2021-03-04,120.13
2021-03-05,121.42
2021-03-08,116.36
2021-03-09,121.085
2021-03-10,119.98
2021-03-11,121.96
2021-03-12,121.03
2021-03-15,123.99
2021-03-16,125.57
2021-03-17,124.76
2021-03-18,120.53
2021-03-19,119.99
2021-03-22,123.39
2021-03-23,122.54
2021-03-24,120.09
2021-03-25,120.59
2021-03-26,121.21
2021-03-29,121.39
2021-03-30,119.9
2021-03-31,122.15
2021-04-01,123.0
2021-04-05,125.9
2021-04-06,126.21
2021-04-07,127.9
2021-04-08,130.36
2021-04-09,132.995
2021-04-12,131.24
2021-04-13,134.43
2021-04-14,132.03
2021-04-15,134.5
2021-04-16,134.16
2021-04-19,134.84
2021-04-20,133.11
2021-04-21,133.5
2021-04-22,131.94
2021-04-23,134.32
2021-04-26,134.72
2021-04-27,134.39
2021-04-28,133.58
2021-04-29,133.48
2021-04-30,131.46
2021-05-03,132.54
2021-05-04,127.85
2021-05-05,128.1
2021-05-06,129.74
2021-05-07,130.21
2021-05-10,126.85
2021-05-11,125.91
2021-05-12,122.77
2021-05-13,124.97
2021-05-14,127.45
2021-05-17,126.27
2021-05-18,124.85
2021-05-19,124.69
2021-05-20,127.31
2021-05-21,125.43
2021-05-24,127.1
2021-05-25,126.9
2021-05-26,126.85
2021-05-27,125.28
2021-05-28,124.61
2021-06-01,124.28
2021-06-02,125.06
2021-06-03,123.54
2021-06-04,125.89
2021-06-07,125.9
2021-06-08,126.74
2021-06-09,127.13
2021-06-10,126.11
2021-06-11,127.35
2021-06-14,130.48
2021-06-15,129.64
2021-06-16,130.15
2021-06-17,131.79
2021-06-18,130.46
2021-06-21,132.3
2021-06-22,133.98
2021-06-23,133.7
2021-06-24,133.41
2021-06-25,133.11
2021-06-28,134.78
2021-06-29,136.33
2021-06-30,136.96
2021-07-01,137.27
2021-07-02,139.96
2021-07-06,142.02
2021-07-07,144.57
2021-07-08,143.24
2021-07-09,145.11
2021-07-12,144.5
2021-07-13,145.64
2021-07-14,149.15
2021-07-15,148.48
2021-07-16,146.39
2021-07-19,142.45
2021-07-20,146.15
2021-07-21,145.4
2021-07-22,146.8
2021-07-23,148.56
2021-07-26,148.99
2021-07-27,146.77
2021-07-28,144.98
2021-07-29,145.64
2021-07-30,145.86
2021-08-02,145.52
2021-08-03,147.36
2021-08-04,146.95
2021-08-05,147.06
2021-08-06,146.14
2021-08-09,146.09
2021-08-10,145.6
2021-08-11,145.86
2021-08-12,148.89
2021-08-13,149.1
2021-08-16,151.12
2021-08-17,150.19
2021-08-18,146.36
2021-08-19,146.7
2021-08-20,148.19
2021-08-23,149.71
2021-08-24,149.62
2021-08-25,148.36
2021-08-26,147.54
2021-08-27,148.6
2021-08-30,153.12
2021-08-31,151.83
2021-09-01,152.51
2021-09-02,153.65
2021-09-03,154.3
2021-09-07,156.69
2021-09-08,155.11
2021-09-09,154.07
2021-09-10,148.97
2021-09-13,149.55
2021-09-14,148.12
2021-09-15,149.03
2021-09-16,148.79
2021-09-17,146.06
2021-09-20,142.94
2021-09-21,143.43
2021-09-22,145.85
2021-09-23,146.83
2021-09-24,146.92
2021-09-27,145.37
2021-09-28,141.91
2021-09-29,142.83
2021-09-30,141.5
2021-10-01,142.65
2021-10-04,139.14
2021-10-05,141.11
2021-10-06,142.0
2021-10-07,143.29
2021-10-08,142.9
2021-10-11,142.81
2021-10-12,141.51
2021-10-13,140.91
2021-10-14,143.76
2021-10-15,144.84
2021-10-18,146.55
2021-10-19,148.76
2021-10-20,149.26
2021-10-21,149.48
2021-10-22,148.69
2021-10-25,148.64
2021-10-26,149.32
2021-10-27,148.85
2021-10-28,152.57
2021-10-29,149.8
2021-11-01,148.96
2021-11-02,150.02
2021-11-03,151.49
2021-11-04,150.96
2021-11-05,151.28
2021-11-08,150.44
2021-11-09,150.81
2021-11-10,147.92
2021-11-11,147.87
2021-11-12,149.99
2021-11-15,150.0
2021-11-16,151.0
2021-11-17,153.49
2021-11-18,157.87
2021-11-19,160.55
2021-11-22,161.02
2021-11-23,161.41
2021-11-24,161.94
2021-11-26,156.81
2021-11-29,160.24
2021-11-30,165.3
2021-12-01,164.77
2021-12-02,163.76
2021-12-03,161.84
2021-12-06,165.32
2021-12-07,171.18
2021-12-08,175.08
2021-12-09,174.56
2021-12-10,179.45
2021-12-13,175.74
2021-12-14,174.33
2021-12-15,179.3
2021-12-16,172.26
2021-12-17,171.14
2021-12-20,169.75
2021-12-21,172.99
2021-12-22,175.64
2021-12-23,176.28
2021-12-27,180.33
2021-12-28,179.29
2021-12-29,179.38
2021-12-30,178.2
2021-12-31,177.57
2022-01-03,182.01
2022-01-04,179.7
2022-01-05,174.92
2022-01-06,172.0
2022-01-07,172.17
2022-01-10,172.19
2022-01-11,175.08
2022-01-12,175.53
2022-01-13,172.19
2022-01-14,173.07
2022-01-18,169.8
2022-01-19,166.23
2022-01-20,164.51
2022-01-21,162.41
2022-01-24,161.62
2022-01-25,159.78
2022-01-26,159.69
2022-01-27,159.22
2022-01-28,170.33
2022-01-31,174.78
2022-02-01,174.61
2022-02-02,175.84
2022-02-03,172.9
2022-02-04,172.39
2022-02-07,171.66
2022-02-08,174.83
2022-02-09,176.28
2022-02-10,172.12
2022-02-11,168.64
2022-02-14,168.88
2022-02-15,172.79
2022-02-16,172.55
2022-02-17,168.88
2022-02-18,167.3
2022-02-22,164.32
2022-02-23,160.07
2022-02-24,162.74
2022-02-25,164.85
2022-02-28,165.12
2022-03-01,163.2
2022-03-02,166.56
2022-03-03,166.23
2022-03-04,163.17
2022-03-07,159.3
2022-03-08,157.44
2022-03-09,162.95
2022-03-10,158.52
2022-03-11,154.73
2022-03-14,150.62
2022-03-15,155.09
2022-03-16,159.59
2022-03-17,160.62
2022-03-18,163.98
2022-03-21,165.38
2022-03-22,168.82
2022-03-23,170.21
2022-03-24,174.07
2022-03-25,174.72
2022-03-28,175.6
2022-03-29,178.96
2022-03-30,177.77
2022-03-31,174.61
2022-04-01,174.31
2022-04-04,178.44
2022-04-05,175.06
2022-04-06,171.83
2022-04-07,172.14
2022-04-08,170.09
2022-04-11,165.75
2022-04-12,167.66
2022-04-13,170.4
2022-04-14,165.29
2022-04-18,165.07
2022-04-19,167.4
2022-04-20,167.23
2022-04-21,166.42
2022-04-22,161.79
2022-04-25,162.88
2022-04-26,156.8
2022-04-27,156.57
2022-04-28,163.64
2022-04-29,157.65
2022-05-02,157.96
2022-05-03,159.48
2022-05-04,166.02
2022-05-05,156.77
2022-05-06,157.28
2022-05-09,152.06
2022-05-10,154.51
2022-05-11,146.5
2022-05-12,142.56
2022-05-13,147.11
2022-05-16,145.54
2022-05-17,149.24
2022-05-18,140.82
2022-05-19,137.35
2022-05-20,137.59
2022-05-23,143.11
2022-05-24,140.36
2022-05-25,140.52
2022-05-26,143.78
2022-05-27,149.64
2022-05-31,148.84
2022-06-01,148.71
2022-06-02,151.21
2022-06-03,145.38
2022-06-06,146.14
2022-06-07,148.71
2022-06-08,147.96
2022-06-09,142.64
2022-06-10,137.13
2022-06-13,131.88
2022-06-14,132.76
2022-06-15,135.43
2022-06-16,130.06
2022-06-17,131.56
2022-06-21,135.87
2022-06-22,135.35
2022-06-23,138.27
2022-06-24,141.66
2022-06-27,141.66
2022-06-28,137.44
2022-06-29,139.23
2022-06-30,136.72
2022-07-01,138.93
2022-07-05,141.56
2022-07-06,142.92
2022-07-07,146.35
2022-07-08,147.04
2022-07-11,144.87
2022-07-12,145.86
2022-07-13,145.49
2022-07-14,148.47
2022-07-15,150.17
2022-07-18,147.07
2022-07-19,151.0
2022-07-20,153.04
2022-07-21,155.35
2022-07-22,154.09
2022-07-25,152.95
2022-07-26,151.6
2022-07-27,156.79
2022-07-28,157.35
2022-07-29,162.51
2022-08-01,161.51
2022-08-02,160.01
2022-08-03,166.13
2022-08-04,165.81
2022-08-05,165.35
2022-08-08,164.87
2022-08-09,164.92
2022-08-10,169.24
2022-08-11,168.49
2022-08-12,172.1
2022-08-15,173.19
2022-08-16,173.03
2022-08-17,174.55
2022-08-18,174.15
2022-08-19,171.52
2022-08-22,167.57
2022-08-23,167.23
2022-08-24,167.53
2022-08-25,170.03
2022-08-26,163.62
2022-08-29,161.38
2022-08-30,158.91
2022-08-31,157.22
2022-09-01,157.96
2022-09-02,155.81
2022-09-06,154.53
2022-09-07,155.96
2022-09-08,154.46
2022-09-09,157.37
2022-09-12,163.43
2022-09-13,153.84
2022-09-14,155.31
2022-09-15,152.37
2022-09-16,150.7
2022-09-19,154.48
2022-09-20,156.9
2022-09-21,153.72
2022-09-22,152.74
2022-09-23,150.43
2022-09-26,150.77
2022-09-27,151.76
2022-09-28,149.84
2022-09-29,142.48
2022-09-30,138.2
2022-10-03,142.45
2022-10-04,146.1
2022-10-05,146.4
2022-10-06,145.43
2022-10-07,140.09
2022-10-10,140.42
2022-10-11,138.98
2022-10-12,138.34
2022-10-13,142.99
2022-10-14,138.38
2022-10-17,142.41
2022-10-18,143.75
2022-10-19,143.86
2022-10-20,143.39
2022-10-21,147.27
2022-10-24,149.45
2022-10-25,152.34
2022-10-26,149.35
2022-10-27,144.8
2022-10-28,155.74
2022-10-31,153.34
2022-11-01,150.65
2022-11-02,145.03
2022-11-03,138.88
2022-11-04,138.38
2022-11-07,138.92
2022-11-08,139.5
2022-11-09,134.87
2022-11-10,146.87
2022-11-11,149.7
2022-11-14,148.28
2022-11-15,150.04
2022-11-16,148.79
2022-11-17,150.72
2022-11-18,151.29
2022-11-21,148.01
2022-11-22,150.18
2022-11-23,151.07
2022-11-25,148.11
2022-11-28,144.22
2022-11-29,141.17
2022-11-30,148.03
2022-12-01,148.31
2022-12-02,147.81
2022-12-05,146.63
2022-12-06,142.91
2022-12-07,140.94
2022-12-08,142.65
2022-12-09,142.16
2022-12-12,144.49
2022-12-13,145.47
2022-12-14,143.21
2022-12-15,136.5
2022-12-16,134.51
2022-12-19,132.37
2022-12-20,132.3
2022-12-21,135.45
2022-12-22,132.23
2022-12-23,131.86
2022-12-27,130.03
2022-12-28,126.04
2022-12-29,129.61
2022-12-30,129.93
2023-01-03,125.07
2023-01-04,126.36
2023-01-05,125.02
2023-01-06,129.62
2023-01-09,130.15
2023-01-10,130.73
2023-01-11,133.49
2023-01-12,133.41
2023-01-13,134.76
2023-01-17,135.94
2023-01-18,135.21
2023-01-19,135.27
2023-01-20,137.87
2023-01-23,141.11
2023-01-24,142.53
2023-01-25,141.86
2023-01-26,143.96
2023-01-27,145.93
2023-01-30,143.0
2023-01-31,144.29
2023-02-01,145.43
2023-02-02,150.82
2023-02-03,154.5
2023-02-06,151.73
2023-02-07,154.65
2023-02-08,151.92
2023-02-09,150.87
2023-02-10,151.01
2023-02-13,153.85
2023-02-14,153.2
2023-02-15,155.33
2023-02-16,153.71
2023-02-17,152.55
2023-02-21,148.48
2023-02-22,148.91
2023-02-23,149.4
2023-02-24,146.71
2023-02-27,147.92
2023-02-28,147.41
2023-03-01,145.31
2023-03-02,145.91
2023-03-03,151.03
2023-03-06,153.83
2023-03-07,151.6
2023-03-08,152.87
2023-03-09,150.59
2023-03-10,148.5
2023-03-13,150.47
2023-03-14,152.59
2023-03-15,152.99
2023-03-16,155.85
2023-03-17,155.0
2023-03-20,157.4
2023-03-21,159.28
2023-03-22,157.83
2023-03-23,158.93
2023-03-24,160.25
2023-03-27,158.28
2023-03-28,157.65
2023-03-29,160.77
2023-03-30,162.36
2023-03-31,164.9
2023-04-03,166.17
2023-04-04,165.63
2023-04-05,163.76
2023-04-06,164.66
2023-04-10,162.03
2023-04-11,160.8
2023-04-12,160.1
2023-04-13,165.56
2023-04-14,165.21
2023-04-17,165.23
2023-04-18,166.47
2023-04-19,167.63
2023-04-20,166.65
2023-04-21,165.02
2023-04-24,165.33
2023-04-25,163.77
2023-04-26,163.76
2023-04-27,168.41
2023-04-28,169.68
2023-05-01,169.59
2023-05-02,168.54
2023-05-03,167.45
2023-05-04,165.79
2023-05-05,173.57
2023-05-08,173.5
2023-05-09,171.77
2023-05-10,173.555
2023-05-11,173.75
2023-05-12,172.57
2023-05-15,172.07
2023-05-16,172.07
2023-05-17,172.69
2023-05-18,175.05
2023-05-19,175.16
2023-05-22,174.2
2023-05-23,171.56
2023-05-24,171.84
2023-05-25,172.99
2023-05-26,175.43
2023-05-30,177.3
2023-05-31,177.25
2023-06-01,180.09
2023-06-02,180.95
2023-06-05,179.58
2023-06-06,179.21
2023-06-07,177.82
2023-06-08,180.57
2023-06-09,180.96
2023-06-12,183.79
2023-06-13,183.31
2023-06-14,183.95
2023-06-15,186.01
2023-06-16,184.92
2023-06-20,185.01
2023-06-21,183.96
2023-06-22,187.0
2023-06-23,186.68
2023-06-26,185.27
2023-06-27,188.06
2023-06-28,189.25
2023-06-29,189.59
2023-06-30,193.97
2023-07-03,192.46
2023-07-05,191.33
2023-07-06,191.81
2023-07-07,190.68
2023-07-10,188.61
2023-07-11,188.08
2023-07-12,189.77
2023-07-13,190.54
2023-07-14,190.69
2023-07-17,193.99
2023-07-18,193.73
2023-07-19,195.1
2023-07-20,193.13
2023-07-21,191.94
2023-07-24,192.75
2023-07-25,193.62
2023-07-26,194.5
2023-07-27,193.22
2023-07-28,195.83
2023-07-31,196.45
2023-08-01,195.605
2023-08-02,192.58
2023-08-03,191.17
2023-08-04,181.99
2023-08-07,178.85
2023-08-08,179.8
2023-08-09,178.19
2023-08-10,177.97
2023-08-11,177.79
2023-08-14,179.46
2023-08-15,177.45
2023-08-16,176.57
2023-08-17,174.0
2023-08-18,174.49
2023-08-21,175.84
2023-08-22,177.23
2023-08-23,181.12
2023-08-24,176.38
2023-08-25,178.61
2023-08-28,180.19
2023-08-29,184.12
2023-08-30,187.65
2023-08-31,187.87
2023-09-01,189.46
2023-09-05,189.7
2023-09-06,182.91
2023-09-07,177.56
2023-09-08,178.18
2023-09-11,179.36
2023-09-12,176.3
2023-09-13,174.21
2023-09-14,175.74
2023-09-15,175.01
2023-09-18,177.97
2023-09-19,179.07
2023-09-20,175.49
2023-09-21,173.93
2023-09-22,174.79
2023-09-25,176.08
2023-09-26,171.96
2023-09-27,170.43
2023-09-28,170.69
2023-09-29,171.21
2023-10-02,173.75
2023-10-03,172.4
2023-10-04,173.66
2023-10-05,174.91
2023-10-06,177.49
2023-10-09,178.99
2023-10-10,178.39
2023-10-11,179.8
2023-10-12,180.71
2023-10-13,178.85
2023-10-16,178.72
2023-10-17,177.15
2023-10-18,175.84
2023-10-19,175.46
2023-10-20,172.88
2023-10-23,173.0
2023-10-24,173.44
2023-10-25,171.1
2023-10-26,166.89
2023-10-27,168.22
2023-10-30,170.29
2023-10-31,170.77
2023-11-01,173.97
2023-11-02,177.57
2023-11-03,176.65
2023-11-06,179.23
2023-11-07,181.82
2023-11-08,182.89
2023-11-09,182.41
2023-11-10,186.4
2023-11-13,184.8
2023-11-14,187.44
2023-11-15,188.01
2023-11-16,189.71
2023-11-17,189.69
2023-11-20,191.45
2023-11-21,190.64
2023-11-22,191.31
2023-11-24,189.97
2023-11-27,189.79
2023-11-28,190.4
2023-11-29,189.37
2023-11-30,189.95
2023-12-01,191.24
2023-12-04,189.43
2023-12-05,193.42
2023-12-06,192.32
2023-12-07,194.27
2023-12-08,195.71
2023-12-11,193.18
2023-12-12,194.71
2023-12-13,197.96
2023-12-14,198.11
2023-12-15,197.57
2023-12-18,195.89
2023-12-19,196.94
2023-12-20,194.83
2023-12-21,194.68
2023-12-22,193.6
2023-12-26,193.05
2023-12-27,193.15
2023-12-28,193.58
2023-12-29,192.53
2024-01-02,185.64
2024-01-03,184.25
2024-01-04,181.91
2024-01-05,181.18
2024-01-08,185.56
2024-01-09,185.14
2024-01-10,186.19
2024-01-11,185.59
2024-01-12,185.92
2024-01-16,183.63
2024-01-17,182.68
2024-01-18,188.63
2024-01-19,191.56
2024-01-22,193.89
2024-01-23,195.18
2024-01-24,194.5
2024-01-25,194.17
2024-01-26,192.42
2024-01-29,191.73
2024-01-30,188.04
2024-01-31,184.4
2024-02-01,186.86
2024-02-02,185.85
2024-02-05,187.68
2024-02-06,189.3
2024-02-07,189.41
2024-02-08,188.32
2024-02-09,188.85
2024-02-12,187.15
2024-02-13,185.04
2024-02-14,184.15
2024-02-15,183.86
2024-02-16,182.31
2024-02-20,181.56
2024-02-21,182.32
2024-02-22,184.37
2024-02-23,182.52
2024-02-26,181.16
2024-02-27,182.63
2024-02-28,181.42
2024-02-29,180.75
2024-03-01,179.66
2024-03-04,175.1
2024-03-05,170.12
2024-03-06,169.12
2024-03-07,169.0
2024-03-08,170.73
2024-03-11,172.75
2024-03-12,173.23
2024-03-13,171.13
2024-03-14,173.0
2024-03-15,172.62
2024-03-18,173.72
2024-03-19,176.08
2024-03-20,178.67
2024-03-21,171.37
2024-03-22,172.28
2024-03-25,170.85
2024-03-26,169.71
2024-03-27,173.31
2024-03-28,171.48
2024-04-01,170.03
2024-04-02,168.84
2024-04-03,169.65
2024-04-04,168.82
2024-04-05,169.58
2024-04-08,168.45
2024-04-09,169.67
2024-04-10,167.78
2024-04-11,175.04
2024-04-12,176.55
2024-04-15,172.69
2024-04-16,169.38
2024-04-17,168.0
2024-04-18,167.04
2024-04-19,165.0
2024-04-22,165.84
2024-04-23,166.9
2024-04-24,169.02
2024-04-25,169.89
2024-04-26,169.3
2024-04-29,173.5
2024-04-30,170.33
2024-05-01,169.3
2024-05-02,173.03
2024-05-03,183.38
2024-05-06,181.71
2024-05-07,182.4
2024-05-08,182.74
2024-05-09,184.57
2024-05-10,183.05
2024-05-13,186.28
2024-05-14,187.43
2024-05-15,189.72
2024-05-16,189.84
2024-05-17,189.87
2024-05-20,191.04
2024-05-21,192.35
2024-05-22,190.9
2024-05-23,186.88
2024-05-24,189.98
2024-05-28,189.99
2024-05-29,190.29
2024-05-30,191.29
2024-05-31,192.25
2024-06-03,194.03
2024-06-04,194.35
2024-06-05,195.87
2024-06-06,194.48
2024-06-07,196.89
2024-06-10,193.12
2024-06-11,207.15
2024-06-12,213.07
2024-06-13,214.24
2024-06-14,212.49
2024-06-17,216.67
2024-06-18,214.29
2024-06-20,209.68
2024-06-21,207.49
2024-06-24,208.14
2024-06-25,209.07
2024-06-26,213.25
2024-06-27,214.1
2024-06-28,210.62
2024-07-01,216.75
2024-07-02,220.27
2024-07-03,221.55
2024-07-05,226.34
2024-07-08,227.82
2024-07-09,228.68
2024-07-10,232.98
2024-07-11,227.57
2024-07-12,230.54
2024-07-15,234.4
2024-07-16,234.82
2024-07-17,228.88
2024-07-18,224.18
2024-07-19,224.31
2024-07-22,223.96
2024-07-23,225.01
2024-07-24,218.54
2024-07-25,217.49
2024-07-26,217.96
2024-07-29,218.24
2024-07-30,218.8
2024-07-31,222.08
2024-08-01,218.36
2024-08-02,219.86
2024-08-05,209.27
2024-08-06,207.23
2024-08-07,209.82
2024-08-08,213.31
2024-08-09,216.24
2024-08-12,217.53
2024-08-13,221.27
2024-08-14,221.72
2024-08-15,224.72
2024-08-16,226.05
2024-08-19,225.89
2024-08-20,226.51
2024-08-21,226.4
2024-08-22,224.53
2024-08-23,226.84
2024-08-26,227.18
2024-08-27,228.03
2024-08-28,226.49
2024-08-29,229.79
2024-08-30,229.0
2024-09-03,222.77
2024-09-04,220.85
2024-09-05,222.38
2024-09-06,220.82
2024-09-09,220.91
2024-09-10,220.11
2024-09-11,222.66
2024-09-12,222.77
2024-09-13,222.5
2024-09-16,216.32
2024-09-17,216.79
2024-09-18,220.69
2024-09-19,228.87
2024-09-20,228.2
2024-09-23,226.47
2024-09-24,227.37
2024-09-25,226.37
2024-09-26,227.52
2024-09-27,227.79
2024-09-30,233.0
2024-10-01,226.21
2024-10-02,226.78
2024-10-03,225.67
2024-10-04,226.8
2024-10-07,221.69
2024-10-08,225.77
2024-10-09,229.54
2024-10-10,229.04
2024-10-11,227.55
2024-10-14,231.3
2024-10-15,233.85
2024-10-16,231.78
2024-10-17,232.15
2024-10-18,235.0
2024-10-21,236.48
2024-10-22,235.86
2024-10-23,230.76
2024-10-24,230.57
2024-10-25,231.41
2024-10-28,233.4
2024-10-29,233.67
2024-10-30,230.1
2024-10-31,225.91
2024-11-01,222.91
2024-11-04,222.01
2024-11-05,223.45
2024-11-06,222.72
2024-11-07,227.48
2024-11-08,226.96
2024-11-11,224.23
2024-11-12,224.23
2024-11-13,225.12
2024-11-14,228.22
2024-11-15,225.0
2024-11-18,228.02
2024-11-19,228.28
2024-11-20,229.0
2024-11-21,228.52
2024-11-22,229.87
2024-11-25,232.87
2024-11-26,235.06
2024-11-27,234.93
2024-11-29,237.33
2024-12-02,239.59
2024-12-03,242.65
2024-12-04,243.01
2024-12-05,243.04
2024-12-06,242.84
2024-12-09,246.75
2024-12-10,247.77
2024-12-11,246.49
2024-12-12,247.96
2024-12-13,248.13
2024-12-16,251.04
2024-12-17,253.48
2024-12-18,248.05
2024-12-19,249.79
2024-12-20,254.49
2024-12-23,255.27
2024-12-24,258.2
2024-12-26,259.02
2024-12-27,255.59
2024-12-30,252.2
2024-12-31,250.42
2025-01-02,243.85
2025-01-03,243.36
2025-01-06,245.0
2025-01-07,242.21
2025-01-08,242.7
2025-01-10,236.85
2025-01-13,234.4
2025-01-14,233.28
2025-01-15,237.87
2025-01-16,228.26
2025-01-17,229.98
2025-01-21,222.64
2025-01-22,223.83
2025-01-23,223.66
2025-01-24,222.78
2025-01-27,229.86
2025-01-28,238.26
2025-01-29,239.36
2025-01-30,237.59
2025-01-31,236.0
2025-02-03,228.01
2025-02-04,232.8
2025-02-05,232.47
2025-02-06,233.22
2025-02-07,227.63
2025-02-10,227.65
2025-02-11,232.62
2025-02-12,236.87
2025-02-13,241.53
2025-02-14,244.6
